Product Name,Description,Price,Image URL,Variant
N/A,N/A,N/A,N/A,N/A
N/A,N/A,N/A,N/A,N/A
N/A,N/A,N/A,N/A,N/A
N/A,N/A,N/A,N/A,N/A
N/A,N/A,N/A,N/A,N/A
N/A,N/A,N/A,N/A,N/A
N/A,N/A,N/A,N/A,N/A
N/A,N/A,N/A,N/A,N/A
N/A,N/A,N/A,N/A,N/A
N/A,N/A,N/A,N/A,N/A
N/A,N/A,N/A,N/A,N/A
N/A,N/A,N/A,N/A,N/A
N/A,N/A,N/A,N/A,N/A
N/A,N/A,N/A,N/A,N/A
N/A,N/A,N/A,N/A,N/A
N/A,N/A,N/A,N/A,N/A
N/A,N/A,N/A,N/A,N/A
N/A,N/A,N/A,N/A,N/A
N/A,N/A,N/A,N/A,N/A
N/A,N/A,N/A,N/A,N/A
N/A,N/A,N/A,N/A,N/A
N/A,N/A,N/A,N/A,N/A
N/A,N/A,N/A,N/A,N/A
N/A,N/A,N/A,N/A,N/A
N/A,N/A,N/A,N/A,N/A
N/A,N/A,N/A,N/A,N/A
N/A,N/A,N/A,N/A,N/A
N/A,N/A,N/A,N/A,N/A
N/A,N/A,N/A,N/A,N/A
N/A,N/A,N/A,N/A,N/A
N/A,N/A,N/A,N/A,N/A
N/A,N/A,N/A,N/A,N/A
N/A,N/A,N/A,N/A,N/A
N/A,N/A,N/A,N/A,N/A
N/A,N/A,N/A,N/A,N/A
N/A,N/A,N/A,N/A,N/A
N/A,N/A,N/A,N/A,N/A
N/A,N/A,N/A,N/A,N/A
N/A,N/A,N/A,N/A,N/A
N/A,N/A,N/A,N/A,N/A
N/A,N/A,N/A,N/A,N/A
N/A,N/A,N/A,N/A,N/A
N/A,N/A,N/A,N/A,N/A
N/A,N/A,N/A,N/A,N/A
N/A,N/A,N/A,N/A,N/A
N/A,N/A,N/A,N/A,N/A
N/A,N/A,N/A,N/A,N/A
N/A,N/A,N/A,N/A,N/A
N/A,N/A,N/A,N/A,N/A
N/A,N/A,N/A,N/A,N/A
N/A,N/A,N/A,N/A,N/A
N/A,N/A,N/A,N/A,N/A
N/A,N/A,N/A,N/A,N/A
N/A,N/A,N/A,N/A,N/A
N/A,N/A,N/A,N/A,N/A
N/A,N/A,N/A,N/A,N/A
N/A,N/A,N/A,N/A,N/A
N/A,N/A,N/A,N/A,N/A
N/A,N/A,N/A,N/A,N/A
N/A,N/A,N/A,N/A,N/A
N/A,N/A,N/A,N/A,N/A
N/A,N/A,N/A,N/A,N/A
N/A,N/A,N/A,N/A,N/A
N/A,N/A,N/A,N/A,N/A
N/A,N/A,N/A,N/A,N/A
N/A,N/A,N/A,N/A,N/A
N/A,N/A,N/A,N/A,N/A
N/A,N/A,N/A,N/A,N/A
N/A,N/A,N/A,N/A,N/A
N/A,N/A,N/A,N/A,N/A
N/A,N/A,N/A,N/A,N/A
N/A,N/A,N/A,N/A,N/A
N/A,N/A,N/A,N/A,N/A
N/A,N/A,N/A,N/A,N/A
N/A,N/A,N/A,N/A,N/A
N/A,N/A,N/A,N/A,N/A
N/A,N/A,N/A,N/A,N/A
N/A,N/A,N/A,N/A,N/A
N/A,N/A,N/A,N/A,N/A
N/A,N/A,N/A,N/A,N/A
N/A,N/A,N/A,N/A,N/A
N/A,N/A,N/A,N/A,N/A
N/A,N/A,N/A,N/A,N/A
N/A,N/A,N/A,N/A,N/A
N/A,N/A,N/A,N/A,N/A
N/A,N/A,N/A,N/A,N/A
N/A,N/A,N/A,N/A,N/A
N/A,N/A,N/A,N/A,N/A
N/A,N/A,N/A,N/A,N/A
N/A,N/A,N/A,N/A,N/A
N/A,N/A,N/A,N/A,N/A
N/A,N/A,N/A,N/A,N/A
N/A,N/A,N/A,N/A,N/A
N/A,N/A,N/A,N/A,N/A
N/A,N/A,N/A,N/A,N/A
N/A,N/A,N/A,N/A,N/A
N/A,N/A,N/A,N/A,N/A
N/A,N/A,N/A,N/A,N/A
N/A,N/A,N/A,N/A,N/A
N/A,N/A,N/A,N/A,N/A
N/A,N/A,N/A,N/A,N/A
N/A,N/A,N/A,N/A,N/A
N/A,N/A,N/A,N/A,N/A
N/A,N/A,N/A,N/A,N/A
N/A,N/A,N/A,N/A,N/A
N/A,N/A,N/A,N/A,N/A
N/A,N/A,N/A,N/A,N/A
N/A,N/A,N/A,N/A,N/A
N/A,N/A,N/A,N/A,N/A
N/A,N/A,N/A,N/A,N/A
N/A,N/A,N/A,N/A,N/A
N/A,N/A,N/A,N/A,N/A
N/A,N/A,N/A,N/A,N/A
N/A,N/A,N/A,N/A,N/A
N/A,N/A,N/A,N/A,N/A
N/A,N/A,N/A,N/A,N/A
N/A,N/A,N/A,N/A,N/A
N/A,N/A,N/A,N/A,N/A
N/A,N/A,N/A,N/A,N/A
N/A,N/A,N/A,N/A,N/A
N/A,N/A,N/A,N/A,N/A
N/A,N/A,N/A,N/A,N/A
N/A,N/A,N/A,N/A,N/A
N/A,N/A,N/A,N/A,N/A
N/A,N/A,N/A,N/A,N/A
N/A,N/A,N/A,N/A,N/A
N/A,N/A,N/A,N/A,N/A
N/A,N/A,N/A,N/A,N/A
N/A,N/A,N/A,N/A,N/A
N/A,N/A,N/A,N/A,N/A
N/A,N/A,N/A,N/A,N/A
N/A,N/A,N/A,N/A,N/A
N/A,N/A,N/A,N/A,N/A
N/A,N/A,N/A,N/A,N/A
N/A,N/A,N/A,N/A,N/A
N/A,N/A,N/A,N/A,N/A
N/A,N/A,N/A,N/A,N/A
N/A,N/A,N/A,N/A,N/A
N/A,N/A,N/A,N/A,N/A
N/A,N/A,N/A,N/A,N/A
N/A,N/A,N/A,N/A,N/A
N/A,N/A,N/A,N/A,N/A
N/A,N/A,N/A,N/A,N/A
N/A,N/A,N/A,N/A,N/A
N/A,N/A,N/A,N/A,N/A
N/A,N/A,N/A,N/A,N/A
N/A,N/A,N/A,N/A,N/A
N/A,N/A,N/A,N/A,N/A
N/A,N/A,N/A,N/A,N/A
N/A,N/A,N/A,N/A,N/A
N/A,N/A,N/A,N/A,N/A
N/A,N/A,N/A,N/A,N/A
N/A,N/A,N/A,N/A,N/A
N/A,N/A,N/A,N/A,N/A
N/A,N/A,N/A,N/A,N/A
N/A,N/A,N/A,N/A,N/A
N/A,N/A,N/A,N/A,N/A
N/A,N/A,N/A,N/A,N/A
N/A,N/A,N/A,N/A,N/A
N/A,N/A,N/A,N/A,N/A
N/A,N/A,N/A,N/A,N/A
N/A,N/A,N/A,N/A,N/A
N/A,N/A,N/A,N/A,N/A
N/A,N/A,N/A,N/A,N/A
N/A,N/A,N/A,N/A,N/A
N/A,N/A,N/A,N/A,N/A
N/A,N/A,N/A,N/A,N/A
N/A,N/A,N/A,N/A,N/A
N/A,N/A,N/A,N/A,N/A
N/A,N/A,N/A,N/A,N/A
N/A,N/A,N/A,N/A,N/A
N/A,N/A,N/A,N/A,N/A
N/A,N/A,N/A,N/A,N/A
N/A,N/A,N/A,N/A,N/A
N/A,N/A,N/A,N/A,N/A
N/A,N/A,N/A,N/A,N/A
N/A,N/A,N/A,N/A,N/A
N/A,N/A,N/A,N/A,N/A
N/A,N/A,N/A,N/A,N/A
N/A,N/A,N/A,N/A,N/A
N/A,N/A,N/A,N/A,N/A
N/A,N/A,N/A,N/A,N/A
N/A,N/A,N/A,N/A,N/A
N/A,N/A,N/A,N/A,N/A
N/A,N/A,N/A,N/A,N/A
N/A,N/A,N/A,N/A,N/A
N/A,N/A,N/A,N/A,N/A
N/A,N/A,N/A,N/A,N/A
N/A,N/A,N/A,N/A,N/A
N/A,N/A,N/A,N/A,N/A
N/A,N/A,N/A,N/A,N/A
N/A,N/A,N/A,N/A,N/A
N/A,N/A,N/A,N/A,N/A
N/A,N/A,N/A,N/A,N/A
N/A,N/A,N/A,N/A,N/A
N/A,N/A,N/A,N/A,N/A
N/A,N/A,N/A,N/A,N/A
N/A,N/A,N/A,N/A,N/A
N/A,N/A,N/A,N/A,N/A
N/A,N/A,N/A,N/A,N/A
N/A,N/A,N/A,N/A,N/A
N/A,N/A,N/A,N/A,N/A
N/A,N/A,N/A,N/A,N/A
N/A,N/A,N/A,N/A,N/A
N/A,N/A,N/A,N/A,N/A
N/A,N/A,N/A,N/A,N/A
N/A,N/A,N/A,N/A,N/A
N/A,N/A,N/A,N/A,N/A
N/A,N/A,N/A,N/A,N/A
N/A,N/A,N/A,N/A,N/A
N/A,N/A,N/A,N/A,N/A
N/A,N/A,N/A,N/A,N/A
N/A,N/A,N/A,N/A,N/A
N/A,N/A,N/A,N/A,N/A
N/A,N/A,N/A,N/A,N/A
N/A,N/A,N/A,N/A,N/A
N/A,N/A,N/A,N/A,N/A
N/A,N/A,N/A,N/A,N/A
N/A,N/A,N/A,N/A,N/A
N/A,N/A,N/A,N/A,N/A
N/A,N/A,N/A,N/A,N/A
N/A,N/A,N/A,N/A,N/A
N/A,N/A,N/A,N/A,N/A
N/A,N/A,N/A,N/A,N/A
N/A,N/A,N/A,N/A,N/A
N/A,N/A,N/A,N/A,N/A
N/A,N/A,N/A,N/A,N/A
N/A,N/A,N/A,N/A,N/A
N/A,N/A,N/A,N/A,N/A
N/A,N/A,N/A,N/A,N/A
N/A,N/A,N/A,N/A,N/A
N/A,N/A,N/A,N/A,N/A
N/A,N/A,N/A,N/A,N/A
N/A,N/A,N/A,N/A,N/A
N/A,N/A,N/A,N/A,N/A
N/A,N/A,N/A,N/A,N/A
N/A,N/A,N/A,N/A,N/A
N/A,N/A,N/A,N/A,N/A
N/A,N/A,N/A,N/A,N/A
N/A,N/A,N/A,N/A,N/A
N/A,N/A,N/A,N/A,N/A
N/A,N/A,N/A,N/A,N/A
N/A,N/A,N/A,N/A,N/A
N/A,N/A,N/A,N/A,N/A
N/A,N/A,N/A,N/A,N/A
N/A,N/A,N/A,N/A,N/A
N/A,N/A,N/A,N/A,N/A
N/A,N/A,N/A,N/A,N/A
N/A,N/A,N/A,N/A,N/A
N/A,N/A,N/A,N/A,N/A
N/A,N/A,N/A,N/A,N/A
N/A,N/A,N/A,N/A,N/A
N/A,N/A,N/A,N/A,N/A
N/A,N/A,N/A,N/A,N/A
N/A,N/A,N/A,N/A,N/A
N/A,N/A,N/A,N/A,N/A
N/A,N/A,N/A,N/A,N/A
N/A,N/A,N/A,N/A,N/A
N/A,N/A,N/A,N/A,N/A
N/A,N/A,N/A,N/A,N/A
N/A,N/A,N/A,N/A,N/A
N/A,N/A,N/A,N/A,N/A
N/A,N/A,N/A,N/A,N/A
N/A,N/A,N/A,N/A,N/A
N/A,N/A,N/A,N/A,N/A
N/A,N/A,N/A,N/A,N/A
N/A,N/A,N/A,N/A,N/A
N/A,N/A,N/A,N/A,N/A
N/A,N/A,N/A,N/A,N/A
N/A,N/A,N/A,N/A,N/A
N/A,N/A,N/A,N/A,N/A
N/A,N/A,N/A,N/A,N/A
N/A,N/A,N/A,N/A,N/A
N/A,N/A,N/A,N/A,N/A
N/A,N/A,N/A,N/A,N/A
N/A,N/A,N/A,N/A,N/A
N/A,N/A,N/A,N/A,N/A
N/A,N/A,N/A,N/A,N/A
N/A,N/A,N/A,N/A,N/A
N/A,N/A,N/A,N/A,N/A
N/A,N/A,N/A,N/A,N/A
N/A,N/A,N/A,N/A,N/A
N/A,N/A,N/A,N/A,N/A
N/A,N/A,N/A,N/A,N/A
N/A,N/A,N/A,N/A,N/A
N/A,N/A,N/A,N/A,N/A
N/A,N/A,N/A,N/A,N/A
N/A,N/A,N/A,N/A,N/A
N/A,N/A,N/A,N/A,N/A
N/A,N/A,N/A,N/A,N/A
N/A,N/A,N/A,N/A,N/A
N/A,N/A,N/A,N/A,N/A
N/A,N/A,N/A,N/A,N/A
N/A,N/A,N/A,N/A,N/A
N/A,N/A,N/A,N/A,N/A
N/A,N/A,N/A,N/A,N/A
N/A,N/A,N/A,N/A,N/A
N/A,N/A,N/A,N/A,N/A
N/A,N/A,N/A,N/A,N/A
N/A,N/A,N/A,N/A,N/A
N/A,N/A,N/A,N/A,N/A
N/A,N/A,N/A,N/A,N/A
N/A,N/A,N/A,N/A,N/A
N/A,N/A,N/A,N/A,N/A
N/A,N/A,N/A,N/A,N/A
N/A,N/A,N/A,N/A,N/A
N/A,N/A,N/A,N/A,N/A
N/A,N/A,N/A,N/A,N/A
N/A,N/A,N/A,N/A,N/A
N/A,N/A,N/A,N/A,N/A
N/A,N/A,N/A,N/A,N/A
N/A,N/A,N/A,N/A,N/A
N/A,N/A,N/A,N/A,N/A
N/A,N/A,N/A,N/A,N/A
N/A,N/A,N/A,N/A,N/A
N/A,N/A,N/A,N/A,N/A
N/A,N/A,N/A,N/A,N/A
N/A,N/A,N/A,N/A,N/A
N/A,N/A,N/A,N/A,N/A
N/A,N/A,N/A,N/A,N/A
N/A,N/A,N/A,N/A,N/A
N/A,N/A,N/A,N/A,N/A
N/A,N/A,N/A,N/A,N/A
N/A,N/A,N/A,N/A,N/A
N/A,N/A,N/A,N/A,N/A
N/A,N/A,N/A,N/A,N/A
N/A,N/A,N/A,N/A,N/A
